"","Gm.","Year","DATE","X","Tm","Opp","W.L","Win","Loss","Save","Time","D.N","Attendance","TAVG","TMAX","TMIN"
"1",1,2017,"2017-04-03","boxscore","BOS","PIT","W","Porcello","Cole","Kimbrel","3:03","D",36594,47,55,38
"2",2,2017,"2017-04-05","boxscore","BOS","PIT","W-wo","Kelly","Bastardo","","3:53","N",36137,40,41,37
"3",7,2017,"2017-04-11","boxscore","BOS","BAL","W","Pomeranz","Bundy","","3:15","N",37497,64,84,52
"4",8,2017,"2017-04-12","boxscore","BOS","BAL","L","Givens","Wright","","3:46","N",32211,55,60,48
"5",9,2017,"2017-04-13","boxscore","BOS","PIT","W","Barnes","Nicasio","Kimbrel","3:15","D",32400,53,59,45
"6",10,2017,"2017-04-14","boxscore","BOS","TBR","L","Archer","Porcello","","3:37","N",36813,51,60,44
"7",11,2017,"2017-04-15","boxscore","BOS","TBR","W","Sale","Hunter","Kimbrel","2:54","D",36686,54,70,42
"8",12,2017,"2017-04-16","boxscore","BOS","TBR","W","Kelly","Farquhar","Kimbrel","3:46","D",36209,69,86,57
"9",13,2017,"2017-04-17","boxscore","BOS","TBR","W","Wright","Snell","Kimbrel","3:07","D",37318,70,75,49
"10",20,2017,"2017-04-26","boxscore","BOS","NYY","L","Severino","Porcello","Chapman","3:16","N",32072,50,56,45
"11",21,2017,"2017-04-27","boxscore","BOS","NYY","L","Tanaka","Sale","","2:21","N",34054,53,59,50
"12",22,2017,"2017-04-28","boxscore","BOS","CHC","W","Pomeranz","Arrieta","Kimbrel","3:28","N",37054,63,82,51
"13",23,2017,"2017-04-29","boxscore","BOS","CHC","L","Lackey","Wright","Davis","3:00","D",36776,73,84,59
"14",24,2017,"2017-04-30","boxscore","BOS","CHC","W","Barnes","Uehara","","3:28","N",36916,55,64,45
"15",25,2017,"2017-05-01","boxscore","BOS","BAL","L","Bundy","Porcello","Brach","3:10","N",33489,47,48,45
"16",26,2017,"2017-05-02","boxscore","BOS","BAL","W","Sale","Asher","Kimbrel","2:33","N",32932,49,66,44
"17",27,2017,"2017-05-03","boxscore","BOS","BAL","W","Pomeranz","Gausman","Kimbrel","3:24","N",33162,56,64,49
"18",28,2017,"2017-05-04","boxscore","BOS","BAL","L","Wilson","Kendrick","","3:21","N",36563,51,56,46
"19",35,2017,"2017-05-12","boxscore","BOS","TBR","L","Cobb","Porcello","Colome","3:24","N",36496,49,53,47
"20",36,2017,"2017-05-13","boxscore","BOS","TBR","W","Sale","Snell","Kimbrel","2:54","D",35447,49,53,45
"21",37,2017,"2017-05-14","boxscore","BOS","TBR","L","Andriese","Pomeranz","","4:32","D",35080,48,51,46
"22",44,2017,"2017-05-23","boxscore","BOS","TEX","W","Porcello","Cashner","","3:23","N",34769,57,68,53
"23",45,2017,"2017-05-24","boxscore","BOS","TEX","W","Sale","Dyson","","2:59","N",36089,59,64,54
"24",46,2017,"2017-05-25","boxscore","BOS","TEX","W","Pomeranz","Martinez","","3:23","N",33484,53,55,50
"25",47,2017,"2017-05-26","boxscore","BOS","SEA","W","Rodriguez","Gallardo","Kimbrel","3:11","N",35080,53,60,49
"26",48,2017,"2017-05-27","boxscore","BOS","SEA","W","Johnson","Whalen","","2:23","D",36985,56,61,53
"27",49,2017,"2017-05-28","boxscore","BOS","SEA","L","Bergman","Porcello","","3:14","D",37174,58,67,54
"28",60,2017,"2017-06-09","boxscore","BOS","DET","W","Barnes","Wilson","Kimbrel","3:36","N",36853,63,79,55
"29",61,2017,"2017-06-10","boxscore","BOS","DET","W","Sale","Saupold","","3:39","N",37162,73,85,61
"30",62,2017,"2017-06-11","boxscore","BOS","DET","L","Norris","Pomeranz","","4:06","N",35457,79,92,66
"31",63,2017,"2017-06-12","boxscore","BOS","PHI","W-wo","Barnes","Fien","","4:16","N",36757,84,95,71
"32",64,2017,"2017-06-13","boxscore","BOS","PHI","W-wo","Abad","Garcia","","4:24","N",37141,85,95,72
"33",73,2017,"2017-06-23","boxscore","BOS","LAA","W","Porcello","Meyer","","3:07","N",37034,76,90,65
"34",74,2017,"2017-06-24","boxscore","BOS","LAA","L","Ramirez","Price","Parker","3:34","N",36868,76,88,71
"35",75,2017,"2017-06-25","boxscore","BOS","LAA","L","Bridwell","Fister","Petit","2:50","D",36474,77,85,65
"36",76,2017,"2017-06-26","boxscore","BOS","MIN","W","Sale","Berrios","Kimbrel","2:55","N",37172,71,80,62
"37",77,2017,"2017-06-27","boxscore","BOS","MIN","W","Pomeranz","Santiago","","3:18","N",36804,68,77,58
"38",78,2017,"2017-06-28","boxscore","BOS","MIN","L","Mejia","Porcello","Kintzler","3:14","N",37487,67,79,58
"39",79,2017,"2017-06-29","boxscore","BOS","MIN","W","Price","Gibson","Kimbrel","3:24","N",37445,71,79,63
"40",90,2017,"2017-07-14","boxscore","BOS","NYY","W-wo","Scott","Chapman","","3:27","N",37570,62,67,60
"41",91,2017,"2017-07-15","boxscore","BOS","NYY","L","Heller","Fister","","5:50","D",36936,66,73,62
"42",92,2017,"2017-07-16","boxscore","BOS","NYY","L","Sabathia","Porcello","Chapman","3:13","D",37343,74,81,69
"43",93,2017,"2017-07-16","boxscore","BOS","NYY","W","Price","Tanaka","Kimbrel","2:59","N",36719,74,81,69
"44",94,2017,"2017-07-17","boxscore","BOS","TOR","L","Tepera","Hembree","Osuna","3:18","N",36144,76,83,68
"45",95,2017,"2017-07-18","boxscore","BOS","TOR","W-wo","Velazquez","Bolsinger","","4:59","N",36488,74,82,68
"46",96,2017,"2017-07-19","boxscore","BOS","TOR","W","Pomeranz","Sanchez","","2:47","N",37360,79,93,72
"47",97,2017,"2017-07-20","boxscore","BOS","TOR","L","Leone","Fister","Osuna","3:25","D",37094,84,92,71
"48",104,2017,"2017-07-28","boxscore","BOS","KCR","L","Vargas","Porcello","Herrera","2:44","N",37321,72,82,66
"49",105,2017,"2017-07-29","boxscore","BOS","KCR","W-wo","Barnes","Minor","","4:45","N",36912,68,71,60
"50",106,2017,"2017-07-30","boxscore","BOS","KCR","L","Hammel","Barnes","Herrera","3:13","D",36480,66,73,60
"51",107,2017,"2017-07-31","boxscore","BOS","CLE","W","Fister","Clevinger","","2:47","N",37169,70,80,61
"52",108,2017,"2017-08-01","boxscore","BOS","CLE","W-wo","Kimbrel","Allen","","3:36","N",37126,74,80,67
"53",109,2017,"2017-08-03","boxscore","BOS","CHW","W","Porcello","Gonzalez","","3:26","N",37442,74,84,66
"54",110,2017,"2017-08-04","boxscore","BOS","CHW","W-wo","Hembree","Bummer","","3:43","N",36612,75,85,68
"55",111,2017,"2017-08-05","boxscore","BOS","CHW","W","Pomeranz","Shields","Kimbrel","2:41","N",36599,72,77,67
"56",112,2017,"2017-08-06","boxscore","BOS","CHW","W","Fister","Pelfrey","Kimbrel","2:36","D",37283,71,79,63
"57",118,2017,"2017-08-14","boxscore","BOS","CLE","L","Bauer","Fister","","3:14","N",37430,72,78,63
"58",119,2017,"2017-08-15","boxscore","BOS","STL","W","Porcello","Leake","","2:52","N",37345,73,80,66
"59",120,2017,"2017-08-16","boxscore","BOS","STL","W-wo","Kimbrel","Duke","","3:35","N",37181,75,85,66
"60",121,2017,"2017-08-18","boxscore","BOS","NYY","W","Reed","Kahnle","Kimbrel","4:09","N",36784,72,81,65
"61",122,2017,"2017-08-19","boxscore","BOS","NYY","L","Sabathia","Sale","Betances","3:09","N",37274,70,74,65
"62",123,2017,"2017-08-20","boxscore","BOS","NYY","W","Porcello","Gray","","3:36","D",36911,75,85,72
"63",128,2017,"2017-08-25","boxscore","BOS","BAL","L","Hellickson","Porcello","","3:37","N",37191,68,76,63
"64",129,2017,"2017-08-26","boxscore","BOS","BAL","L","Gausman","Rodriguez","","2:58","D",36655,67,74,60
"65",130,2017,"2017-08-27","boxscore","BOS","BAL","L","Miley","Fister","Brach","3:22","D",36625,65,71,58
"66",138,2017,"2017-09-04","boxscore","BOS","TOR","L","Happ","Porcello","","3:25","N",34311,66,81,58
"67",139,2017,"2017-09-05","boxscore","BOS","TOR","W-wo","Velazquez","Rowley","","6:00","N",33009,74,88,65
"68",140,2017,"2017-09-06","boxscore","BOS","TOR","W","Fister","Biagini","","2:57","N",33190,70,79,62
"69",141,2017,"2017-09-08","boxscore","BOS","TBR","W","Pomeranz","Archer","","3:14","N",34781,65,74,59
"70",142,2017,"2017-09-09","boxscore","BOS","TBR","W","Sale","Andriese","","3:05","N",36734,62,68,55
"71",143,2017,"2017-09-10","boxscore","BOS","TBR","L","Cobb","Porcello","Colome","3:22","D",35859,62,69,56
"72",144,2017,"2017-09-12","boxscore","BOS","OAK","W","Rodriguez","Manaea","","3:06","N",34355,72,86,61
"73",145,2017,"2017-09-13","boxscore","BOS","OAK","L","Cotton","Fister","","3:07","N",36366,71,78,64
"74",146,2017,"2017-09-14","boxscore","BOS","OAK","W","Pomeranz","Gossett","","3:19","D",35470,74,84,67
"75",156,2017,"2017-09-25","boxscore","BOS","TOR","L","Anderson","Pomeranz","Osuna","2:57","N",33940,71,78,64
"76",157,2017,"2017-09-26","boxscore","BOS","TOR","L","Happ","Sale","","3:04","N",33999,69,80,63
"77",158,2017,"2017-09-27","boxscore","BOS","TOR","W","Porcello","Estrada","","2:57","N",34445,74,86,65
"78",159,2017,"2017-09-28","boxscore","BOS","HOU","L","Peacock","Rodriguez","","3:31","N",34222,75,78,57
"79",160,2017,"2017-09-29","boxscore","BOS","HOU","L","Morton","Fister","Giles","2:47","N",36623,59,68,52
"80",161,2017,"2017-09-30","boxscore","BOS","HOU","W","Pomeranz","McCullers","","3:19","D",35722,56,59,50
"81",162,2017,"2017-10-01","boxscore","BOS","HOU","L","McHugh","Abad","Clippard","3:09","D",34517,55,66,47
"82",6,2016,"2016-04-11","boxscore","BOS","BAL","L","Brach","Kimbrel","Britton","3:26","D",37160,48,60,42
"83",7,2016,"2016-04-12","boxscore","BOS","BAL","L","Wright","Buchholz","","3:23","N",31114,55,60,43
"84",8,2016,"2016-04-13","boxscore","BOS","BAL","W","Kelly","Jimenez","Kimbrel","3:13","N",31011,45,50,38
"85",9,2016,"2016-04-15","boxscore","BOS","TOR","W","Porcello","Dickey","Kimbrel","3:02","N",31415,45,54,38
"86",10,2016,"2016-04-16","boxscore","BOS","TOR","W","Price","Estrada","Kimbrel","2:43","D",36267,47,54,41
"87",11,2016,"2016-04-17","boxscore","BOS","TOR","L","Sanchez","Wright","","3:09","D",37217,46,54,39
"88",12,2016,"2016-04-18","boxscore","BOS","TOR","L","Happ","Uehara","Storen","3:12","D",37168,51,67,42
"89",13,2016,"2016-04-19","boxscore","BOS","TBR","L","Ramirez","Barnes","Colome","3:25","N",32061,47,54,44
"90",14,2016,"2016-04-20","boxscore","BOS","TBR","W","Porcello","Archer","","3:02","N",31689,49,51,44
"91",15,2016,"2016-04-21","boxscore","BOS","TBR","L","Ramirez","Cuevas","Colome","4:16","D",37954,55,77,43
"92",21,2016,"2016-04-27","boxscore","BOS","ATL","W","Wright","Norris","","3:02","N",33380,45,62,37
"93",22,2016,"2016-04-28","boxscore","BOS","ATL","L","Chacin","Buchholz","Vizcaino","3:22","N",32232,49,54,41
"94",23,2016,"2016-04-29","boxscore","BOS","NYY","W","Uehara","Betances","Kimbrel","2:50","N",37115,47,51,43
"95",24,2016,"2016-04-30","boxscore","BOS","NYY","W","Porcello","Pineda","","3:30","N",37901,49,55,41
"96",25,2016,"2016-05-01","boxscore","BOS","NYY","W","Price","Nova","Kimbrel","3:17","N",34279,48,53,43
"97",32,2016,"2016-05-09","boxscore","BOS","OAK","W","Buchholz","Gray","","3:46","N",35227,55,66,46
"98",33,2016,"2016-05-10","boxscore","BOS","OAK","W","O'Sullivan","Manaea","","3:07","N",32167,57,71,47
"99",34,2016,"2016-05-11","boxscore","BOS","OAK","W","Porcello","Surkamp","","3:17","N",33283,61,68,54
"100",35,2016,"2016-05-12","boxscore","BOS","HOU","W","Price","Keuchel","","2:56","N",34982,61,66,54
"101",36,2016,"2016-05-13","boxscore","BOS","HOU","L","Feldman","Barnes","Gregerson","3:49","N",33148,61,74,52
"102",37,2016,"2016-05-14","boxscore","BOS","HOU","W-wo","Uehara","Feliz","","4:13","D",37430,66,77,59
"103",38,2016,"2016-05-15","boxscore","BOS","HOU","W","Hembree","Feldman","Kimbrel","3:40","D",35736,58,61,45
"104",42,2016,"2016-05-20","boxscore","BOS","CLE","L","Kluber","Buchholz","Allen","3:07","N",37354,60,71,51
"105",43,2016,"2016-05-21","boxscore","BOS","CLE","W","Kelly","Bauer","","3:17","D",37254,64,76,53
"106",44,2016,"2016-05-22","boxscore","BOS","CLE","W","Porcello","Salazar","Kimbrel","3:23","D",36021,57,62,52
"107",45,2016,"2016-05-24","boxscore","BOS","COL","W","Price","De La Rosa","","2:55","N",36123,56,59,52
"108",46,2016,"2016-05-25","boxscore","BOS","COL","W","Wright","Bettis","","3:09","N",36430,63,88,53
"109",47,2016,"2016-05-26","boxscore","BOS","COL","L","Gray","Buchholz","","2:51","N",36162,72,79,58
"110",55,2016,"2016-06-03","boxscore","BOS","TOR","L","Dickey","Price","Osuna","3:10","N",37129,60,70,57
"111",56,2016,"2016-06-04","boxscore","BOS","TOR","W","Wright","Stroman","Kimbrel","3:08","D",37762,65,70,61
"112",57,2016,"2016-06-05","boxscore","BOS","TOR","L","Estrada","Rodriguez","","2:44","D",35823,64,68,60
"113",63,2016,"2016-06-14","boxscore","BOS","BAL","L","Tillman","Price","Britton","2:47","N",38009,67,79,55
"114",64,2016,"2016-06-15","boxscore","BOS","BAL","W","Wright","Gausman","Kimbrel","2:58","N",36233,74,85,66
"115",65,2016,"2016-06-16","boxscore","BOS","BAL","L","Wilson","Rodriguez","","2:53","N",36757,71,77,61
"116",66,2016,"2016-06-17","boxscore","BOS","SEA","L","Iwakuma","Elias","Cishek","2:49","N",35896,66,74,59
"117",67,2016,"2016-06-18","boxscore","BOS","SEA","W","Porcello","Sampson","","2:53","D",37195,66,72,60
"118",68,2016,"2016-06-19","boxscore","BOS","SEA","W","Price","Diaz","Kimbrel","3:05","D",37211,68,82,57
"119",69,2016,"2016-06-20","boxscore","BOS","CHW","L","Duke","Kimbrel","Robertson","3:33","N",36291,71,83,60
"120",70,2016,"2016-06-21","boxscore","BOS","CHW","L","Sale","Buchholz","Robertson","2:54","N",36544,73,87,64
"121",71,2016,"2016-06-22","boxscore","BOS","CHW","L","Jennings","Uehara","Duke","3:38","N",37413,72,78,64
"122",72,2016,"2016-06-23","boxscore","BOS","CHW","W-wo","Kimbrel","Purke","","4:25","D",37790,69,77,60
"123",79,2016,"2016-07-01","boxscore","BOS","LAA","W","Wright","Chacin","Kimbrel","3:36","N",37117,76,86,68
"124",80,2016,"2016-07-02","boxscore","BOS","LAA","L","Santiago","Buchholz","","3:38","N",36552,73,80,65
"125",81,2016,"2016-07-03","boxscore","BOS","LAA","W","O'Sullivan","Shoemaker","","3:52","D",36801,73,84,64
"126",82,2016,"2016-07-04","boxscore","BOS","TEX","W","Porcello","Martinez","","3:40","D",36253,77,88,66
"127",83,2016,"2016-07-05","boxscore","BOS","TEX","L","Ramos","Price","","3:21","N",35964,70,76,64
"128",84,2016,"2016-07-06","boxscore","BOS","TEX","W","Wright","Perez","","3:19","N",37175,78,94,71
"129",85,2016,"2016-07-08","boxscore","BOS","TBR","W","Ross","Archer","Uehara","3:20","N",37739,63,67,61
"130",86,2016,"2016-07-09","boxscore","BOS","TBR","W","Porcello","Moore","Uehara","2:43","D",36900,62,65,59
"131",87,2016,"2016-07-10","boxscore","BOS","TBR","W","Price","Odorizzi","","2:31","D",36669,62,64,59
"132",91,2016,"2016-07-19","boxscore","BOS","SFG","W","Porcello","Peavy","","2:42","N",38082,78,84,68
"133",92,2016,"2016-07-20","boxscore","BOS","SFG","W","Barnes","Cain","","3:46","N",38201,74,84,65
"134",93,2016,"2016-07-21","boxscore","BOS","MIN","W","Wright","Duffey","","2:45","N",37566,79,91,67
"135",94,2016,"2016-07-22","boxscore","BOS","MIN","L","Gibson","Rodriguez","Kintzler","3:00","N",37001,84,98,73
"136",95,2016,"2016-07-23","boxscore","BOS","MIN","L","Pressly","Layne","Kintzler","4:11","N",37600,83,94,72
"137",96,2016,"2016-07-24","boxscore","BOS","MIN","W","Porcello","Milone","Ziegler","3:15","D",36806,77,91,68
"138",97,2016,"2016-07-25","boxscore","BOS","DET","L","Verlander","Pomeranz","Rodriguez","3:27","N",37479,76,92,67
"139",98,2016,"2016-07-26","boxscore","BOS","DET","L","Wilson","Ross","Rodriguez","3:33","N",38378,84,94,76
"140",99,2016,"2016-07-27","boxscore","BOS","DET","L","Rondon","Ziegler","Wilson","2:55","D",37842,81,87,73
"141",111,2016,"2016-08-09","boxscore","BOS","NYY","W","Porcello","Severino","Barnes","3:13","N",38089,75,84,70
"142",112,2016,"2016-08-10","boxscore","BOS","NYY","L","Clippard","Abad","","4:15","N",37779,74,80,68
"143",113,2016,"2016-08-11","boxscore","BOS","NYY","L","Cessa","Ziegler","Betances","3:02","N",38161,83,96,75
"144",114,2016,"2016-08-12","boxscore","BOS","ARI","W","Price","Corbin","","2:53","N",37555,86,98,78
"145",115,2016,"2016-08-13","boxscore","BOS","ARI","W","Ross","Bradley","Kimbrel","3:12","N",37653,74,82,68
"146",116,2016,"2016-08-14","boxscore","BOS","ARI","W","Porcello","Greinke","","2:49","D",36842,80,96,69
"147",128,2016,"2016-08-26","boxscore","BOS","KCR","L","Kennedy","Wright","Herrera","3:14","N",38134,80,91,73
"148",129,2016,"2016-08-27","boxscore","BOS","KCR","W","Price","Duffy","","3:03","N",37933,78,83,69
"149",130,2016,"2016-08-28","boxscore","BOS","KCR","L","Strahm","Rodriguez","","3:25","N",37337,72,78,66
"150",131,2016,"2016-08-29","boxscore","BOS","TBR","W","Porcello","Andriese","","3:11","N",36948,77,90,69
"151",132,2016,"2016-08-30","boxscore","BOS","TBR","L","Romero","Buchholz","Colome","3:11","N",37083,71,77,64
"152",133,2016,"2016-08-31","boxscore","BOS","TBR","W","Tazawa","Ramirez","Kimbrel","3:10","D",36786,74,82,68
"153",143,2016,"2016-09-12","boxscore","BOS","BAL","W","Price","Miley","","2:40","N",37551,66,72,59
"154",144,2016,"2016-09-13","boxscore","BOS","BAL","L","Bundy","Pomeranz","Britton","3:29","N",38041,70,83,60
"155",145,2016,"2016-09-14","boxscore","BOS","BAL","L","Gausman","Porcello","Britton","2:35","N",37973,74,90,62
"156",146,2016,"2016-09-15","boxscore","BOS","NYY","W-wo","Kelly","Betances","","3:52","N",37767,63,66,57
"157",147,2016,"2016-09-16","boxscore","BOS","NYY","W","Buchholz","Cessa","Kimbrel","3:13","N",37927,62,70,54
"158",148,2016,"2016-09-17","boxscore","BOS","NYY","W","Barnes","Warren","Kimbrel","3:36","D",37267,65,78,55
"159",149,2016,"2016-09-18","boxscore","BOS","NYY","W","Scott","Clippard","Uehara","3:31","N",37306,73,82,66
"160",160,2016,"2016-09-30","boxscore","BOS","TOR","W","Ziegler","Biagini","Kimbrel","3:25","N",37661,58,62,56
"161",161,2016,"2016-10-01","boxscore","BOS","TOR","L","Osuna","Kimbrel","","3:29","N",37396,57,59,54
"162",162,2016,"2016-10-02","boxscore","BOS","TOR","L","Sanchez","Ziegler","Osuna","3:14","D",36787,55,57,53
"163",7,2015,"2015-04-13","boxscore","BOS","WSN","W","Porcello","Zimmermann","","3:01","D",37203,56,69,41
"164",8,2015,"2015-04-14","boxscore","BOS","WSN","W","Mujica","Treinen","Uehara","3:23","N",35258,59,65,52
"165",9,2015,"2015-04-15","boxscore","BOS","WSN","L","Gonzalez","Miley","","3:08","D",33493,59,67,50
"166",10,2015,"2015-04-17","boxscore","BOS","BAL","W-wo","Uehara","Matusz","","3:13","N",34341,54,65,47
"167",11,2015,"2015-04-18","boxscore","BOS","BAL","L","Tillman","Buchholz","Britton","3:24","D",37655,54,60,43
"168",12,2015,"2015-04-19","boxscore","BOS","BAL","L","Gonzalez","Porcello","","3:14","D",37761,46,50,41
"169",13,2015,"2015-04-20","boxscore","BOS","BAL","W","Masterson","Chen","","2:21","D",36829,43,51,41
"170",20,2015,"2015-04-27","boxscore","BOS","TOR","W-wo","Uehara","Castro","","2:48","N",34739,51,57,45
"171",21,2015,"2015-04-28","boxscore","BOS","TOR","L","Estrada","Buchholz","Cecil","4:01","N",33920,49,64,42
"172",22,2015,"2015-04-29","boxscore","BOS","TOR","W","Porcello","Dickey","Uehara","2:43","N",34220,52,54,48
"173",23,2015,"2015-05-01","boxscore","BOS","NYY","L","Rogers","Tazawa","Miller","3:14","N",35444,45,49,39
"174",24,2015,"2015-05-02","boxscore","BOS","NYY","L","Eovaldi","Miley","Betances","2:44","D",36611,43,50,39
"175",25,2015,"2015-05-03","boxscore","BOS","NYY","L","Warren","Kelly","Miller","3:52","N",33198,53,67,45
"176",26,2015,"2015-05-04","boxscore","BOS","TBR","L","Odorizzi","Buchholz","","3:10","N",34541,63,84,49
"177",27,2015,"2015-05-05","boxscore","BOS","TBR","W","Porcello","Smyly","Uehara","2:26","N",33688,66,70,54
"178",28,2015,"2015-05-06","boxscore","BOS","TBR","L","Colome","Masterson","Boxberger","3:22","N",35060,61,73,52
"179",39,2015,"2015-05-19","boxscore","BOS","TEX","W","Miley","Gallardo","Uehara","2:50","N",36580,56,65,52
"180",40,2015,"2015-05-20","boxscore","BOS","TEX","L","Klein","Kelly","Tolleson","3:13","N",35726,61,66,51
"181",41,2015,"2015-05-21","boxscore","BOS","TEX","L","Rodriguez","Buchholz","Tolleson","2:49","N",34945,57,67,45
"182",42,2015,"2015-05-22","boxscore","BOS","LAA","L","Richards","Porcello","","3:35","N",36150,62,76,52
"183",43,2015,"2015-05-23","boxscore","BOS","LAA","W","Wright","Wilson","","3:09","N",37735,56,65,44
"184",44,2015,"2015-05-24","boxscore","BOS","LAA","W","Miley","Santiago","","2:37","D",37742,65,83,51
"185",52,2015,"2015-06-02","boxscore","BOS","MIN","W","Buchholz","Pelfrey","Uehara","2:21","N",32622,47,49,46
"186",53,2015,"2015-06-03","boxscore","BOS","MIN","W","Rodriguez","Hughes","","2:33","D",31704,50,56,47
"187",54,2015,"2015-06-03","boxscore","BOS","MIN","L","May","Porcello","Perkins","2:15","N",33291,50,56,47
"188",55,2015,"2015-06-04","boxscore","BOS","MIN","L","Thompson","Uehara","","3:12","D",33615,52,58,49
"189",56,2015,"2015-06-05","boxscore","BOS","OAK","W","Miley","Kazmir","Uehara","2:31","N",34910,54,59,50
"190",57,2015,"2015-06-06","boxscore","BOS","OAK","W","Kelly","Chavez","Uehara","3:10","D",36713,58,67,52
"191",58,2015,"2015-06-07","boxscore","BOS","OAK","W","Wright","Clippard","Layne","3:11","D",36913,59,67,53
"192",62,2015,"2015-06-12","boxscore","BOS","TOR","L","Delabar","Tazawa","Cecil","3:24","N",37575,74,79,65
"193",63,2015,"2015-06-13","boxscore","BOS","TOR","L","Loup","Barnes","Cecil","3:26","D",37158,73,85,64
"194",64,2015,"2015-06-14","boxscore","BOS","TOR","L","Estrada","Rodriguez","","3:12","D",36296,70,74,62
"195",65,2015,"2015-06-15","boxscore","BOS","ATL","L","Perez","Porcello","Grilli","2:54","N",34439,58,63,54
"196",66,2015,"2015-06-16","boxscore","BOS","ATL","W","Miley","Teheran","","2:38","D",35662,59,71,56
"197",72,2015,"2015-06-23","boxscore","BOS","BAL","L","Jimenez","Kelly","Britton","3:08","N",36508,72,88,60
"198",73,2015,"2015-06-24","boxscore","BOS","BAL","W","Buchholz","Norris","","2:38","N",37762,76,84,67
"199",74,2015,"2015-06-25","boxscore","BOS","BAL","L","Gonzalez","Rodriguez","Britton","3:06","D",37706,73,81,64
"200",82,2015,"2015-07-03","boxscore","BOS","HOU","L","Hernandez","Ramirez","","4:23","N",37837,71,76,63
"201",83,2015,"2015-07-04","boxscore","BOS","HOU","W","Buchholz","McHugh","","3:02","D",36703,67,72,62
"202",84,2015,"2015-07-05","boxscore","BOS","HOU","W","Barnes","Sipp","Uehara","4:01","D",36481,71,83,61
"203",85,2015,"2015-07-07","boxscore","BOS","MIA","W","Tazawa","Cishek","Uehara","2:44","N",36863,74,84,65
"204",86,2015,"2015-07-08","boxscore","BOS","MIA","W","Porcello","Koehler","Uehara","2:41","N",37009,79,88,69
"205",87,2015,"2015-07-10","boxscore","BOS","NYY","L","Pineda","Buchholz","","3:03","N",37984,67,77,60
"206",88,2015,"2015-07-11","boxscore","BOS","NYY","W","Rodriguez","Nova","Uehara","3:10","N",38047,75,83,68
"207",89,2015,"2015-07-12","boxscore","BOS","NYY","L","Eovaldi","Miley","","3:36","D",37283,80,89,72
"208",97,2015,"2015-07-24","boxscore","BOS","DET","W-wo","Masterson","Hardy","","3:42","N",37650,72,81,66
"209",98,2015,"2015-07-25","boxscore","BOS","DET","L","Simon","Wright","","2:57","D",37256,66,69,62
"210",99,2015,"2015-07-26","boxscore","BOS","DET","W","Rodriguez","Greene","","3:14","N",35582,68,79,63
"211",100,2015,"2015-07-27","boxscore","BOS","CHW","L","Albers","Ross","Robertson","3:54","N",37401,75,86,68
"212",101,2015,"2015-07-28","boxscore","BOS","CHW","L","Samardzija","Miley","","2:39","N",38063,75,86,70
"213",102,2015,"2015-07-29","boxscore","BOS","CHW","L","Quintana","Porcello","","3:42","N",37104,80,92,71
"214",103,2015,"2015-07-30","boxscore","BOS","CHW","W","Wright","Sale","","2:40","N",36215,83,91,74
"215",104,2015,"2015-07-31","boxscore","BOS","TBR","W","Tazawa","McGee","Uehara","3:13","N",36715,80,89,73
"216",105,2015,"2015-08-01","boxscore","BOS","TBR","W","Kelly","Moore","Machi","3:39","D",35944,79,90,68
"217",106,2015,"2015-08-02","boxscore","BOS","TBR","L","Geltz","Tazawa","Boxberger","3:10","D",35699,78,88,68
"218",115,2015,"2015-08-14","boxscore","BOS","SEA","W","Kelly","Montgomery","","3:30","N",37678,75,86,63
"219",116,2015,"2015-08-15","boxscore","BOS","SEA","W","Miley","Hernandez","","3:21","D",36027,76,91,68
"220",117,2015,"2015-08-16","boxscore","BOS","SEA","L","Rasmussen","Breslow","Farquhar","4:24","D",35260,75,90,67
"221",118,2015,"2015-08-17","boxscore","BOS","CLE","L","Salazar","Barnes","","3:12","N",32701,80,91,71
"222",119,2015,"2015-08-18","boxscore","BOS","CLE","W","Rodriguez","Bauer","","2:56","N",31907,78,87,71
"223",120,2015,"2015-08-19","boxscore","BOS","CLE","W","Kelly","Kluber","Tazawa","3:09","N",32465,78,88,71
"224",121,2015,"2015-08-20","boxscore","BOS","KCR","W","Miley","Duffy","Tazawa","2:49","N",35458,73,78,68
"225",122,2015,"2015-08-21","boxscore","BOS","KCR","W","Owens","Cueto","","2:31","N",35203,72,83,67
"226",123,2015,"2015-08-22","boxscore","BOS","KCR","L","Ventura","Barnes","Holland","3:29","N",37135,71,73,67
"227",124,2015,"2015-08-23","boxscore","BOS","KCR","L","Young","Tazawa","Davis","3:40","D",36151,68,71,67
"228",131,2015,"2015-08-31","boxscore","BOS","NYY","W","Rodriguez","Nova","Machi","3:44","N",36148,80,90,71
"229",132,2015,"2015-09-01","boxscore","BOS","NYY","L","Pineda","Porcello","Miller","2:41","N",35077,76,79,69
"230",133,2015,"2015-09-02","boxscore","BOS","NYY","L","Tanaka","Owens","","3:33","D",34416,77,91,66
"231",134,2015,"2015-09-04","boxscore","BOS","PHI","W","Kelly","Morgan","Ross","3:22","N",33674,69,72,62
"232",135,2015,"2015-09-05","boxscore","BOS","PHI","W","Miley","Asher","","2:24","D",36534,65,73,58
"233",136,2015,"2015-09-06","boxscore","BOS","PHI","W","Rodriguez","Eickhoff","","2:57","D",34708,70,82,61
"234",137,2015,"2015-09-07","boxscore","BOS","TOR","W","Porcello","Buehrle","","2:48","D",33659,77,93,66
"235",138,2015,"2015-09-08","boxscore","BOS","TOR","L","Sanchez","Ogando","","3:23","N",33432,81,96,72
"236",139,2015,"2015-09-09","boxscore","BOS","TOR","W","Kelly","Hutchison","","3:31","N",34464,80,93,72
"237",149,2015,"2015-09-21","boxscore","BOS","TBR","W","Machi","Gomes","Ross","3:47","N",33673,60,66,53
"238",150,2015,"2015-09-22","boxscore","BOS","TBR","L","Moore","Owens","Boxberger","2:43","N",33673,63,68,56
"239",151,2015,"2015-09-23","boxscore","BOS","TBR","L","Smyly","Porcello","Boxberger","3:30","N",32753,61,68,54
"240",152,2015,"2015-09-24","boxscore","BOS","TBR","L","Ramirez","Miley","Boxberger","2:39","N",34916,65,74,58
"241",153,2015,"2015-09-25","boxscore","BOS","BAL","W","Hill","Gausman","","2:42","N",32411,61,66,55
"242",154,2015,"2015-09-26","boxscore","BOS","BAL","W","Hembree","Chen","","2:56","D",36316,58,63,50
"243",155,2015,"2015-09-27","boxscore","BOS","BAL","W","Owens","Jimenez","Ross","2:28","D",33306,56,64,48
"244",4,2014,"2014-04-04","boxscore","BOS","MIL","L","Kintzler","Mujica","","3:19","D",36728,40,44,37
"245",5,2014,"2014-04-05","boxscore","BOS","MIL","L","Thornburg","Badenhop","Rodriguez","4:23","N",35729,43,54,38
"246",6,2014,"2014-04-06","boxscore","BOS","MIL","L","Gallardo","Lester","","2:57","D",35958,44,59,35
"247",7,2014,"2014-04-07","boxscore","BOS","TEX","W","Lackey","Scheppers","","3:07","N",35842,49,59,38
"248",8,2014,"2014-04-08","boxscore","BOS","TEX","L","Perez","Doubront","","3:11","N",34142,52,65,43
"249",9,2014,"2014-04-09","boxscore","BOS","TEX","W","Miller","Ogando","Uehara","2:57","D",33585,50,59,41
"250",17,2014,"2014-04-18","boxscore","BOS","BAL","L","Tillman","Lackey","O'Day","3:26","N",36408,37,42,31
"251",18,2014,"2014-04-19","boxscore","BOS","BAL","W","Tazawa","Norris","Uehara","2:47","D",37689,48,63,37
"252",19,2014,"2014-04-20","boxscore","BOS","BAL","W-wo","Mujica","Matusz","","3:22","N",33947,45,48,39
"253",20,2014,"2014-04-21","boxscore","BOS","BAL","L","Chen","Buchholz","Hunter","3:18","D",37513,49,69,36
"254",21,2014,"2014-04-22","boxscore","BOS","NYY","L","Tanaka","Lester","","3:17","N",37041,58,73,47
"255",22,2014,"2014-04-23","boxscore","BOS","NYY","W","Lackey","Pineda","","3:12","N",37015,53,57,46
"256",23,2014,"2014-04-24","boxscore","BOS","NYY","L","Sabathia","Doubront","","3:51","N",37356,50,59,42
"257",27,2014,"2014-04-29","boxscore","BOS","TBR","W","Lackey","Gomes","Uehara","3:40","N",34794,44,44,42
"258",28,2014,"2014-05-01","boxscore","BOS","TBR","L","Gomes","Peavy","Balfour","3:27","D",35621,49,60,44
"259",29,2014,"2014-05-01","boxscore","BOS","TBR","L","McGee","Uehara","Balfour","3:44","N",33465,49,60,44
"260",30,2014,"2014-05-02","boxscore","BOS","OAK","W","Buchholz","Straily","","3:37","N",34850,57,69,50
"261",31,2014,"2014-05-03","boxscore","BOS","OAK","W","Lester","Milone","Uehara","2:44","D",37042,58,67,50
"262",32,2014,"2014-05-04","boxscore","BOS","OAK","L","Johnson","Capuano","","3:45","D",35649,57,62,50
"263",33,2014,"2014-05-06","boxscore","BOS","CIN","W-wo","Breslow","Ondrusek","","4:04","N",36004,56,64,47
"264",34,2014,"2014-05-07","boxscore","BOS","CIN","W","Breslow","Hoover","Uehara","2:47","N",37072,55,69,47
"265",41,2014,"2014-05-16","boxscore","BOS","DET","L","Scherzer","Lester","Nathan","3:14","N",37225,65,73,59
"266",42,2014,"2014-05-17","boxscore","BOS","DET","L","Porcello","Lackey","","2:49","N",37608,66,75,58
"267",43,2014,"2014-05-18","boxscore","BOS","DET","L","Sanchez","Peavy","","3:19","N",35006,59,63,52
"268",44,2014,"2014-05-20","boxscore","BOS","TOR","L","Happ","Doubront","Janssen","3:17","N",37904,58,69,53
"269",45,2014,"2014-05-21","boxscore","BOS","TOR","L","Hutchison","Buchholz","Janssen","3:23","N",36116,59,65,52
"270",46,2014,"2014-05-22","boxscore","BOS","TOR","L","Buehrle","Lester","","2:58","D",36018,55,59,51
"271",52,2014,"2014-05-28","boxscore","BOS","ATL","W","Lackey","Floyd","","3:09","N",36189,49,50,44
"272",53,2014,"2014-05-29","boxscore","BOS","ATL","W-wo","Uehara","Kimbrel","","3:00","N",36292,51,58,43
"273",54,2014,"2014-05-30","boxscore","BOS","TBR","W-wo","Miller","Oviedo","","3:55","N",35820,56,66,48
"274",55,2014,"2014-05-31","boxscore","BOS","TBR","W","De La Rosa","Odorizzi","","3:07","N",37076,55,60,52
"275",56,2014,"2014-06-01","boxscore","BOS","TBR","W","Lester","Bedard","","3:12","D",37688,58,66,51
"276",66,2014,"2014-06-12","boxscore","BOS","CLE","W","Lester","Tomlin","Uehara","3:08","N",37750,61,66,59
"277",67,2014,"2014-06-13","boxscore","BOS","CLE","W","Lackey","Masterson","","3:13","N",35772,62,64,59
"278",68,2014,"2014-06-14","boxscore","BOS","CLE","L","Axford","Breslow","Allen","3:24","D",37181,64,77,58
"279",69,2014,"2014-06-15","boxscore","BOS","CLE","L","Allen","Tazawa","","4:03","D",37356,69,80,58
"280",70,2014,"2014-06-16","boxscore","BOS","MIN","W","De La Rosa","Correia","Uehara","2:45","N",35693,69,73,62
"281",71,2014,"2014-06-17","boxscore","BOS","MIN","W","Lester","Hughes","Mujica","2:48","N",36835,73,84,62
"282",72,2014,"2014-06-18","boxscore","BOS","MIN","W-wo","Uehara","Fien","","2:31","D",36489,78,87,68
"283",83,2014,"2014-06-30","boxscore","BOS","CHC","L","Arrieta","Peavy","Rondon","2:59","N",37814,76,89,64
"284",84,2014,"2014-07-01","boxscore","BOS","CHC","L","Strop","Uehara","Rondon","3:35","N",36748,79,89,69
"285",85,2014,"2014-07-02","boxscore","BOS","CHC","L","Villanueva","Workman","","4:19","N",37055,81,91,73
"286",86,2014,"2014-07-05","boxscore","BOS","BAL","W-wo","Uehara","McFarland","","2:40","D",35714,68,80,59
"287",87,2014,"2014-07-05","boxscore","BOS","BAL","L","Brach","Lackey","Britton","3:36","N",36468,68,80,59
"288",88,2014,"2014-07-06","boxscore","BOS","BAL","L","Brach","Mujica","Britton","5:05","D",35811,76,85,66
"289",89,2014,"2014-07-07","boxscore","BOS","CHW","L","Carroll","Buchholz","","2:55","N",35114,77,88,69
"290",90,2014,"2014-07-08","boxscore","BOS","CHW","L","Danks","Workman","","3:11","N",35345,81,92,73
"291",91,2014,"2014-07-09","boxscore","BOS","CHW","W-wo","Uehara","Guerra","","2:54","N",36218,79,88,73
"292",92,2014,"2014-07-10","boxscore","BOS","CHW","W-wo","Miller","Belisario","","3:22","D",37547,77,82,66
"293",96,2014,"2014-07-18","boxscore","BOS","KCR","W","Buchholz","Downs","Uehara","3:31","N",37743,72,76,65
"294",97,2014,"2014-07-19","boxscore","BOS","KCR","W","De La Rosa","Duffy","Uehara","2:39","N",37878,67,72,63
"295",98,2014,"2014-07-20","boxscore","BOS","KCR","W","Lester","Ventura","","2:56","D",37439,66,72,61
"296",106,2014,"2014-07-28","boxscore","BOS","TOR","L","Dickey","Buchholz","","3:15","N",37974,74,84,65
"297",107,2014,"2014-07-29","boxscore","BOS","TOR","L","Stroman","De La Rosa","Janssen","3:03","N",38275,71,79,64
"298",108,2014,"2014-07-30","boxscore","BOS","TOR","L","Buehrle","Workman","","2:48","N",38203,70,78,63
"299",109,2014,"2014-08-01","boxscore","BOS","NYY","W","Ranaudo","Capuano","Uehara","3:03","N",37782,72,82,65
"300",110,2014,"2014-08-02","boxscore","BOS","NYY","L","Kelley","Webster","Robertson","3:56","D",37302,68,72,62
"301",111,2014,"2014-08-03","boxscore","BOS","NYY","L","Rogers","Breslow","Robertson","3:42","N",38035,65,70,62
"302",120,2014,"2014-08-14","boxscore","BOS","HOU","W","Webster","Feldman","","3:19","N",38065,68,77,62
"303",121,2014,"2014-08-15","boxscore","BOS","HOU","L","Sipp","Breslow","","3:46","N",37016,67,75,60
"304",122,2014,"2014-08-16","boxscore","BOS","HOU","W","Wilson","Fields","","3:50","N",37652,69,78,61
"305",123,2014,"2014-08-17","boxscore","BOS","HOU","L","McHugh","Kelly","","3:11","D",36717,71,81,64
"306",124,2014,"2014-08-18","boxscore","BOS","LAA","L","Wilson","Workman","Jepsen","3:22","N",35170,70,79,62
"307",125,2014,"2014-08-19","boxscore","BOS","LAA","L","Smith","Uehara","Street","3:24","N",35471,66,74,59
"308",126,2014,"2014-08-20","boxscore","BOS","LAA","L","Rasmus","Buchholz","","3:42","N",35136,67,74,59
"309",127,2014,"2014-08-21","boxscore","BOS","LAA","L","Shoemaker","De La Rosa","Grilli","3:10","N",36160,66,72,60
"310",128,2014,"2014-08-22","boxscore","BOS","SEA","L","Leone","Uehara","Rodney","3:41","N",36433,67,72,63
"311",129,2014,"2014-08-23","boxscore","BOS","SEA","L","Wilhelmsen","Workman","","3:28","D",36905,66,72,61
"312",130,2014,"2014-08-24","boxscore","BOS","SEA","L","Leone","Webster","Rodney","4:07","D",37022,68,75,63
"313",141,2014,"2014-09-05","boxscore","BOS","TOR","W-wo","Layne","Janssen","","3:53","N",35667,78,91,67
"314",142,2014,"2014-09-06","boxscore","BOS","TOR","W","Buchholz","Happ","Mujica","3:23","N",36677,81,92,69
"315",143,2014,"2014-09-07","boxscore","BOS","TOR","L","Dickey","De La Rosa","Janssen","2:44","D",36261,69,76,63
"316",144,2014,"2014-09-08","boxscore","BOS","BAL","L","Gonzalez","Kelly","","3:08","N",35894,65,71,59
"317",145,2014,"2014-09-09","boxscore","BOS","BAL","L","Tillman","Ranaudo","Britton","3:32","N",37008,65,69,61
"318",146,2014,"2014-09-10","boxscore","BOS","BAL","L","Chen","Workman","O'Day","3:23","D",35374,64,70,60
"319",157,2014,"2014-09-23","boxscore","BOS","TBR","L","Cobb","Buchholz","","3:14","N",35566,59,72,50
"320",158,2014,"2014-09-24","boxscore","BOS","TBR","W","Ranaudo","Odorizzi","","3:40","N",35741,61,66,54
"321",159,2014,"2014-09-25","boxscore","BOS","TBR","W","Webster","Hellickson","","3:16","N",36590,58,62,53
"322",160,2014,"2014-09-26","boxscore","BOS","NYY","L","Capuano","Wright","Robertson","3:01","N",37605,61,69,54
"323",161,2014,"2014-09-27","boxscore","BOS","NYY","W","Kelly","Tanaka","","3:04","D",37147,69,81,60
"324",162,2014,"2014-09-28","boxscore","BOS","NYY","L","Pineda","Buchholz","","3:14","D",36879,71,87,60
"325",7,2013,"2013-04-08","boxscore","BOS","BAL","W","Buchholz","Chen","Hanrahan","2:42","D",37008,51,63,46
"326",8,2013,"2013-04-10","boxscore","BOS","BAL","L","O'Day","Hanrahan","Johnson","2:53","N",30862,47,54,45
"327",9,2013,"2013-04-11","boxscore","BOS","BAL","L","Matusz","Mortensen","Johnson","3:15","N",27704,46,49,42
"328",10,2013,"2013-04-13","boxscore","BOS","TBR","W-wo","Tazawa","Gomes","","3:23","D",33039,40,51,36
"329",11,2013,"2013-04-14","boxscore","BOS","TBR","W","Buchholz","Cobb","","2:49","D",35198,48,55,42
"330",12,2013,"2013-04-15","boxscore","BOS","TBR","W-wo","Bailey","Peralta","","3:03","D",37449,45,49,38
"331",16,2013,"2013-04-20","boxscore","BOS","KCR","W","Buchholz","Herrera","Bailey","2:58","D",35152,58,65,44
"332",17,2013,"2013-04-21","boxscore","BOS","KCR","L","Santana","Dempster","Holland","2:54","D",31483,45,50,37
"333",18,2013,"2013-04-21","boxscore","BOS","KCR","L","Herrera","Miller","Holland","3:11","N",33270,45,50,37
"334",19,2013,"2013-04-22","boxscore","BOS","OAK","W","Doubront","Griffin","Bailey","3:29","N",28926,43,49,36
"335",20,2013,"2013-04-23","boxscore","BOS","OAK","L","Colon","Aceves","","2:33","N",29006,42,43,41
"336",21,2013,"2013-04-24","boxscore","BOS","OAK","W","Lester","Anderson","Bailey","3:40","D",29274,50,69,43
"337",22,2013,"2013-04-25","boxscore","BOS","HOU","W","Buchholz","Humber","","2:59","N",30093,56,66,48
"338",23,2013,"2013-04-26","boxscore","BOS","HOU","W","Dempster","Bedard","","3:49","N",29312,49,52,44
"339",24,2013,"2013-04-27","boxscore","BOS","HOU","W","Doubront","Peacock","","3:40","N",34726,49,56,42
"340",25,2013,"2013-04-28","boxscore","BOS","HOU","W","Lackey","Norris","","2:56","D",36527,53,63,44
"341",32,2013,"2013-05-06","boxscore","BOS","MIN","W-wo","Mortensen","Burton","","4:44","N",31088,47,55,43
"342",33,2013,"2013-05-07","boxscore","BOS","MIN","L","Diamond","Dempster","","3:01","N",30549,57,72,47
"343",34,2013,"2013-05-08","boxscore","BOS","MIN","L","Pressly","Webster","","3:42","N",29969,59,66,53
"344",35,2013,"2013-05-09","boxscore","BOS","MIN","L","Correia","Lackey","Perkins","3:04","N",31571,55,63,53
"345",36,2013,"2013-05-10","boxscore","BOS","TOR","W","Lester","Ortiz","","2:46","N",33606,60,69,56
"346",37,2013,"2013-05-11","boxscore","BOS","TOR","L","Oliver","Tazawa","Janssen","2:42","D",36543,64,72,59
"347",38,2013,"2013-05-12","boxscore","BOS","TOR","L","Jenkins","Dempster","","3:13","D",35532,63,73,51
"348",48,2013,"2013-05-23","boxscore","BOS","CLE","L","McAllister","Dempster","Barnes","3:34","N",35254,61,77,53
"349",49,2013,"2013-05-24","boxscore","BOS","CLE","W","Lackey","Masterson","","2:55","N",34074,66,70,51
"350",50,2013,"2013-05-25","boxscore","BOS","CLE","W","Tazawa","Pestano","Bailey","3:24","D",36504,51,54,42
"351",51,2013,"2013-05-26","boxscore","BOS","CLE","W-wo","Breslow","Perez","","3:19","D",37046,48,60,41
"352",52,2013,"2013-05-27","boxscore","BOS","PHI","W","Aceves","Cloyd","","3:26","N",33627,58,73,47
"353",53,2013,"2013-05-28","boxscore","BOS","PHI","L","Lee","Dempster","Papelbon","2:30","N",33463,59,64,51
"354",59,2013,"2013-06-04","boxscore","BOS","TEX","W","Dempster","Grimm","","3:10","N",32035,65,73,55
"355",60,2013,"2013-06-05","boxscore","BOS","TEX","L","Cotts","Breslow","Nathan","3:17","N",33296,65,72,57
"356",61,2013,"2013-06-06","boxscore","BOS","TEX","W-wo","Bailey","Kirkman","","3:21","N",35352,64,69,57
"357",62,2013,"2013-06-08","boxscore","BOS","LAA","L","Hanson","Doubront","Frieri","4:00","D",34499,62,79,55
"358",63,2013,"2013-06-08","boxscore","BOS","LAA","W","Buchholz","Wilson","","3:25","N",36518,62,79,55
"359",64,2013,"2013-06-09","boxscore","BOS","LAA","W","Dempster","Blanton","","3:33","D",37054,71,80,61
"360",72,2013,"2013-06-18","boxscore","BOS","TBR","W","Aceves","Archer","","3:10","D",33430,65,71,59
"361",73,2013,"2013-06-18","boxscore","BOS","TBR","W-wo","Bailey","Peralta","","2:27","N",32156,65,71,59
"362",74,2013,"2013-06-19","boxscore","BOS","TBR","L","Hellickson","Dempster","","3:21","N",35710,63,71,58
"363",79,2013,"2013-06-25","boxscore","BOS","COL","W","Dempster","Nicasio","","3:40","N",36286,81,92,69
"364",80,2013,"2013-06-26","boxscore","BOS","COL","W","Lackey","Oswalt","Uehara","2:36","D",34632,77,84,64
"365",81,2013,"2013-06-27","boxscore","BOS","TOR","W","Lester","Wang","Uehara","2:34","N",34750,65,66,61
"366",82,2013,"2013-06-28","boxscore","BOS","TOR","W","Miller","Wagner","Uehara","3:22","N",36383,69,81,62
"367",83,2013,"2013-06-29","boxscore","BOS","TOR","L","Delabar","Tazawa","","3:05","D",37437,74,83,70
"368",84,2013,"2013-06-30","boxscore","BOS","TOR","W-wo","Uehara","Perez","","3:10","D",37425,75,84,69
"369",85,2013,"2013-07-02","boxscore","BOS","SDP","W","Lackey","Erlin","Uehara","2:48","N",36498,74,82,61
"370",86,2013,"2013-07-03","boxscore","BOS","SDP","W-wo","Uehara","Gregerson","","3:05","N",36911,73,91,62
"371",87,2013,"2013-07-04","boxscore","BOS","SDP","W","Webster","Stults","","3:21","D",37607,83,94,75
"372",98,2013,"2013-07-19","boxscore","BOS","NYY","W","Doubront","Pettitte","Uehara","2:55","N",38130,87,99,78
"373",99,2013,"2013-07-20","boxscore","BOS","NYY","L","Kuroda","Lackey","Rivera","3:12","D",37601,88,96,79
"374",100,2013,"2013-07-21","boxscore","BOS","NYY","W-wo","Beato","Warren","","4:46","N",38138,77,79,68
"375",101,2013,"2013-07-22","boxscore","BOS","TBR","L","Moore","Workman","","2:52","N",35016,72,76,68
"376",102,2013,"2013-07-23","boxscore","BOS","TBR","W","Lester","Hernandez","","3:06","N",34609,71,82,68
"377",103,2013,"2013-07-24","boxscore","BOS","TBR","L","Price","Doubront","","3:00","N",36514,78,88,66
"378",107,2013,"2013-07-29","boxscore","BOS","TBR","L","Price","Doubront","Rodney","3:21","N",37242,71,81,66
"379",108,2013,"2013-07-30","boxscore","BOS","SEA","W","Workman","Saunders","","2:44","N",34578,74,84,66
"380",109,2013,"2013-07-31","boxscore","BOS","SEA","W-wo","Britton","Luetge","","5:03","N",35059,74,79,68
"381",110,2013,"2013-08-01","boxscore","BOS","SEA","W-wo","Wright","Perez","","3:17","N",35886,73,82,66
"382",111,2013,"2013-08-02","boxscore","BOS","ARI","L","Delgado","Beato","Ziegler","3:32","N",37652,73,85,66
"383",112,2013,"2013-08-03","boxscore","BOS","ARI","W","Peavy","Corbin","Uehara","3:02","N",37941,74,80,68
"384",113,2013,"2013-08-04","boxscore","BOS","ARI","W","Doubront","McCarthy","","3:16","D",37611,73,82,65
"385",124,2013,"2013-08-16","boxscore","BOS","NYY","L","Pettitte","Doubront","","3:31","N",38143,71,80,62
"386",125,2013,"2013-08-17","boxscore","BOS","NYY","W","Lackey","Kuroda","","3:26","D",37517,69,74,64
"387",126,2013,"2013-08-18","boxscore","BOS","NYY","L","Sabathia","Dempster","Rivera","4:12","N",37917,70,78,63
"388",133,2013,"2013-08-27","boxscore","BOS","BAL","W","Doubront","Chen","","2:59","N",36226,72,76,65
"389",134,2013,"2013-08-28","boxscore","BOS","BAL","W","Breslow","Hunter","Uehara","3:00","N",31962,66,73,61
"390",135,2013,"2013-08-29","boxscore","BOS","BAL","L","Tillman","Lester","Johnson","3:20","N",33300,64,67,62
"391",136,2013,"2013-08-30","boxscore","BOS","CHW","W","Dempster","Santiago","Uehara","3:09","N",36063,70,84,63
"392",137,2013,"2013-08-31","boxscore","BOS","CHW","W","Peavy","Danks","","3:11","N",37363,75,82,69
"393",138,2013,"2013-09-01","boxscore","BOS","CHW","W","Workman","Rienzo","Uehara","3:39","D",37053,73,79,70
"394",139,2013,"2013-09-02","boxscore","BOS","DET","L","Fister","Lackey","Veras","2:59","D",36188,73,81,69
"395",140,2013,"2013-09-03","boxscore","BOS","DET","W","Lester","Scherzer","Uehara","2:56","N",32071,75,81,67
"396",141,2013,"2013-09-04","boxscore","BOS","DET","W","Dempster","Porcello","","3:33","N",33720,72,82,63
"397",149,2013,"2013-09-13","boxscore","BOS","NYY","W","Workman","Kuroda","","3:06","N",37542,70,76,61
"398",150,2013,"2013-09-14","boxscore","BOS","NYY","W","Lester","Sabathia","","2:43","D",37510,63,68,57
"399",151,2013,"2013-09-15","boxscore","BOS","NYY","W","Buchholz","Nova","","3:13","N",37137,63,73,54
"400",152,2013,"2013-09-17","boxscore","BOS","BAL","L","Hunter","Uehara","Johnson","3:08","N",35030,53,60,44
"401",153,2013,"2013-09-18","boxscore","BOS","BAL","L","McFarland","Morales","Johnson","4:01","N",38540,62,75,51
"402",154,2013,"2013-09-19","boxscore","BOS","BAL","W","Lackey","Tillman","","2:18","N",36436,63,71,54
"403",155,2013,"2013-09-20","boxscore","BOS","TOR","W","Lester","Rogers","Uehara","3:26","N",37215,63,71,55
"404",156,2013,"2013-09-21","boxscore","BOS","TOR","L","Buehrle","Buchholz","Janssen","3:07","N",37569,65,77,57
"405",157,2013,"2013-09-22","boxscore","BOS","TOR","W","Doubront","Dickey","Uehara","2:13","D",37020,68,73,55
"406",1,2012,"2012-04-03","boxscore","BOS","PIT","W","Porcello","Cole","Kimbrel","3:03","D",36594,NA,59,36
"407",2,2012,"2012-04-05","boxscore","BOS","PIT","W-wo","Kelly","Bastardo","","3:53","N",36137,NA,52,40
"408",7,2012,"2012-04-11","boxscore","BOS","BAL","W","Pomeranz","Bundy","","3:15","N",37497,NA,54,44
"409",8,2012,"2012-04-12","boxscore","BOS","BAL","L","Givens","Wright","","3:46","N",32211,NA,56,43
"410",9,2012,"2012-04-13","boxscore","BOS","PIT","W","Barnes","Nicasio","Kimbrel","3:15","D",32400,NA,65,41
"411",10,2012,"2012-04-14","boxscore","BOS","TBR","L","Archer","Porcello","","3:37","N",36813,NA,71,49
"412",11,2012,"2012-04-15","boxscore","BOS","TBR","W","Sale","Hunter","Kimbrel","2:54","D",36686,NA,77,54
"413",12,2012,"2012-04-16","boxscore","BOS","TBR","W","Kelly","Farquhar","Kimbrel","3:46","D",36209,NA,87,59
"414",13,2012,"2012-04-17","boxscore","BOS","TBR","W","Wright","Snell","Kimbrel","3:07","D",37318,NA,84,57
"415",20,2012,"2012-04-26","boxscore","BOS","NYY","L","Severino","Porcello","Chapman","3:16","N",32072,NA,63,43
"416",21,2012,"2012-04-27","boxscore","BOS","NYY","L","Tanaka","Sale","","2:21","N",34054,NA,57,40
"417",22,2012,"2012-04-28","boxscore","BOS","CHC","W","Pomeranz","Arrieta","Kimbrel","3:28","N",37054,NA,60,37
"418",23,2012,"2012-04-29","boxscore","BOS","CHC","L","Lackey","Wright","Davis","3:00","D",36776,NA,59,39
"419",24,2012,"2012-04-30","boxscore","BOS","CHC","W","Barnes","Uehara","","3:28","N",36916,NA,54,41
"420",25,2012,"2012-05-01","boxscore","BOS","BAL","L","Bundy","Porcello","Brach","3:10","N",33489,NA,50,45
"421",26,2012,"2012-05-02","boxscore","BOS","BAL","W","Sale","Asher","Kimbrel","2:33","N",32932,NA,52,45
"422",27,2012,"2012-05-03","boxscore","BOS","BAL","W","Pomeranz","Gausman","Kimbrel","3:24","N",33162,NA,50,46
"423",28,2012,"2012-05-04","boxscore","BOS","BAL","L","Wilson","Kendrick","","3:21","N",36563,NA,56,49
"424",35,2012,"2012-05-12","boxscore","BOS","TBR","L","Cobb","Porcello","Colome","3:24","N",36496,NA,80,50
"425",36,2012,"2012-05-13","boxscore","BOS","TBR","W","Sale","Snell","Kimbrel","2:54","D",35447,NA,80,59
"426",37,2012,"2012-05-14","boxscore","BOS","TBR","L","Andriese","Pomeranz","","4:32","D",35080,NA,64,53
"427",44,2012,"2012-05-23","boxscore","BOS","TEX","W","Porcello","Cashner","","3:23","N",34769,NA,71,59
"428",45,2012,"2012-05-24","boxscore","BOS","TEX","W","Sale","Dyson","","2:59","N",36089,NA,71,60
"429",46,2012,"2012-05-25","boxscore","BOS","TEX","W","Pomeranz","Martinez","","3:23","N",33484,NA,74,58
"430",47,2012,"2012-05-26","boxscore","BOS","SEA","W","Rodriguez","Gallardo","Kimbrel","3:11","N",35080,NA,86,66
"431",48,2012,"2012-05-27","boxscore","BOS","SEA","W","Johnson","Whalen","","2:23","D",36985,NA,72,64
"432",49,2012,"2012-05-28","boxscore","BOS","SEA","L","Bergman","Porcello","","3:14","D",37174,NA,69,60
"433",60,2012,"2012-06-09","boxscore","BOS","DET","W","Barnes","Wilson","Kimbrel","3:36","N",36853,NA,79,59
"434",61,2012,"2012-06-10","boxscore","BOS","DET","W","Sale","Saupold","","3:39","N",37162,NA,76,59
"435",62,2012,"2012-06-11","boxscore","BOS","DET","L","Norris","Pomeranz","","4:06","N",35457,NA,74,57
"436",63,2012,"2012-06-12","boxscore","BOS","PHI","W-wo","Barnes","Fien","","4:16","N",36757,NA,74,60
"437",64,2012,"2012-06-13","boxscore","BOS","PHI","W-wo","Abad","Garcia","","4:24","N",37141,NA,65,62
"438",73,2012,"2012-06-23","boxscore","BOS","LAA","W","Porcello","Meyer","","3:07","N",37034,NA,81,65
"439",74,2012,"2012-06-24","boxscore","BOS","LAA","L","Ramirez","Price","Parker","3:34","N",36868,NA,84,64
"440",75,2012,"2012-06-25","boxscore","BOS","LAA","L","Bridwell","Fister","Petit","2:50","D",36474,NA,73,61
"441",76,2012,"2012-06-26","boxscore","BOS","MIN","W","Sale","Berrios","Kimbrel","2:55","N",37172,NA,73,61
"442",77,2012,"2012-06-27","boxscore","BOS","MIN","W","Pomeranz","Santiago","","3:18","N",36804,NA,77,61
"443",78,2012,"2012-06-28","boxscore","BOS","MIN","L","Mejia","Porcello","Kintzler","3:14","N",37487,NA,83,65
"444",79,2012,"2012-06-29","boxscore","BOS","MIN","W","Price","Gibson","Kimbrel","3:24","N",37445,NA,89,66
"445",90,2012,"2012-07-14","boxscore","BOS","NYY","W-wo","Scott","Chapman","","3:27","N",37570,NA,91,72
"446",91,2012,"2012-07-15","boxscore","BOS","NYY","L","Heller","Fister","","5:50","D",36936,NA,91,72
"447",92,2012,"2012-07-16","boxscore","BOS","NYY","L","Sabathia","Porcello","Chapman","3:13","D",37343,NA,88,72
"448",93,2012,"2012-07-16","boxscore","BOS","NYY","W","Price","Tanaka","Kimbrel","2:59","N",36719,NA,88,72
"449",94,2012,"2012-07-17","boxscore","BOS","TOR","L","Tepera","Hembree","Osuna","3:18","N",36144,NA,97,76
"450",95,2012,"2012-07-18","boxscore","BOS","TOR","W-wo","Velazquez","Bolsinger","","4:59","N",36488,NA,89,70
"451",96,2012,"2012-07-19","boxscore","BOS","TOR","W","Pomeranz","Sanchez","","2:47","N",37360,NA,74,66
"452",97,2012,"2012-07-20","boxscore","BOS","TOR","L","Leone","Fister","Osuna","3:25","D",37094,NA,71,64
"453",104,2012,"2012-07-28","boxscore","BOS","KCR","L","Vargas","Porcello","Herrera","2:44","N",37321,NA,72,63
"454",105,2012,"2012-07-29","boxscore","BOS","KCR","W-wo","Barnes","Minor","","4:45","N",36912,NA,73,64
"455",106,2012,"2012-07-30","boxscore","BOS","KCR","L","Hammel","Barnes","Herrera","3:13","D",36480,NA,81,63
"456",107,2012,"2012-07-31","boxscore","BOS","CLE","W","Fister","Clevinger","","2:47","N",37169,NA,73,63
"457",108,2012,"2012-08-01","boxscore","BOS","CLE","W-wo","Kimbrel","Allen","","3:36","N",37126,NA,78,68
"458",109,2012,"2012-08-03","boxscore","BOS","CHW","W","Porcello","Gonzalez","","3:26","N",37442,NA,92,72
"459",110,2012,"2012-08-04","boxscore","BOS","CHW","W-wo","Hembree","Bummer","","3:43","N",36612,NA,82,74
"460",111,2012,"2012-08-05","boxscore","BOS","CHW","W","Pomeranz","Shields","Kimbrel","2:41","N",36599,NA,88,72
"461",112,2012,"2012-08-06","boxscore","BOS","CHW","W","Fister","Pelfrey","Kimbrel","2:36","D",37283,NA,85,71
"462",118,2012,"2012-08-14","boxscore","BOS","CLE","L","Bauer","Fister","","3:14","N",37430,NA,83,70
"463",119,2012,"2012-08-15","boxscore","BOS","STL","W","Porcello","Leake","","2:52","N",37345,NA,84,66
"464",120,2012,"2012-08-16","boxscore","BOS","STL","W-wo","Kimbrel","Duke","","3:35","N",37181,NA,85,67
"465",121,2012,"2012-08-18","boxscore","BOS","NYY","W","Reed","Kahnle","Kimbrel","4:09","N",36784,NA,72,64
"466",122,2012,"2012-08-19","boxscore","BOS","NYY","L","Sabathia","Sale","Betances","3:09","N",37274,NA,73,61
"467",123,2012,"2012-08-20","boxscore","BOS","NYY","W","Porcello","Gray","","3:36","D",36911,NA,75,62
"468",128,2012,"2012-08-25","boxscore","BOS","BAL","L","Hellickson","Porcello","","3:37","N",37191,NA,77,66
"469",129,2012,"2012-08-26","boxscore","BOS","BAL","L","Gausman","Rodriguez","","2:58","D",36655,NA,76,64
"470",130,2012,"2012-08-27","boxscore","BOS","BAL","L","Miley","Fister","Brach","3:22","D",36625,NA,85,62
"471",138,2012,"2012-09-04","boxscore","BOS","TOR","L","Happ","Porcello","","3:25","N",34311,NA,73,63
"472",139,2012,"2012-09-05","boxscore","BOS","TOR","W-wo","Velazquez","Rowley","","6:00","N",33009,NA,82,66
"473",140,2012,"2012-09-06","boxscore","BOS","TOR","W","Fister","Biagini","","2:57","N",33190,NA,79,65
"474",141,2012,"2012-09-08","boxscore","BOS","TBR","W","Pomeranz","Archer","","3:14","N",34781,NA,82,67
"475",142,2012,"2012-09-09","boxscore","BOS","TBR","W","Sale","Andriese","","3:05","N",36734,NA,75,62
"476",143,2012,"2012-09-10","boxscore","BOS","TBR","L","Cobb","Porcello","Colome","3:22","D",35859,NA,69,56
"477",144,2012,"2012-09-12","boxscore","BOS","OAK","W","Rodriguez","Manaea","","3:06","N",34355,NA,73,53
"478",145,2012,"2012-09-13","boxscore","BOS","OAK","L","Cotton","Fister","","3:07","N",36366,NA,82,60
"479",146,2012,"2012-09-14","boxscore","BOS","OAK","W","Pomeranz","Gossett","","3:19","D",35470,NA,81,61
"480",156,2012,"2012-09-25","boxscore","BOS","TOR","L","Anderson","Pomeranz","Osuna","2:57","N",33940,NA,73,49
"481",157,2012,"2012-09-26","boxscore","BOS","TOR","L","Happ","Sale","","3:04","N",33999,NA,74,59
"482",158,2012,"2012-09-27","boxscore","BOS","TOR","W","Porcello","Estrada","","2:57","N",34445,NA,69,55
"483",159,2012,"2012-09-28","boxscore","BOS","HOU","L","Peacock","Rodriguez","","3:31","N",34222,NA,58,54
"484",160,2012,"2012-09-29","boxscore","BOS","HOU","L","Morton","Fister","Giles","2:47","N",36623,NA,57,54
"485",161,2012,"2012-09-30","boxscore","BOS","HOU","W","Pomeranz","McCullers","","3:19","D",35722,NA,59,53
"486",162,2012,"2012-10-01","boxscore","BOS","HOU","L","McHugh","Abad","Clippard","3:09","D",34517,NA,68,50
